{
    "fitddaaa": {
        "fun": 4.616069527759315e-05,
        "x": [
            190.65283039886046,
            3.3896500378542442,
            0.921799999999,
            -0.2970130006863096,
            0.40778430534751625,
            0.2245502582953008,
            0.6765677837194568,
            101.61276789823381,
            75.80453238193641,
            519.8500293821469
        ]
    }
}